position,nucleotide
0,A
1,T
2,G
3,A
5,A
6,G
8,G
9,A
11,G
12,G
23,G
30,A
47,G
61,T
80,T
99,T
100,G
101,G
102,G
103,T
105,A
106,C
109,T
111,T
112,A
114,T
115,A
116,T
117,G
118,G
120,G
121,T
123,C
124,C
126,G
127,T
129,T
130,G
131,G
135,G
136,A
139,C
145,C
151,T
153,T
154,T
156,T
157,G
159,G
160,C
162,T
163,C
166,A
168,G
169,C
171,A
186,G
187,A
192,C
193,A
195,A
196,A
199,T
201,T
202,G
203,G
204,G
205,C
207,A
208,C
211,A
213,G
214,C
216,T
217,G
219,G
220,T
222,C
223,C
225,A
229,A
231,C
232,C
237,C
238,C
243,G
244,A
253,T
258,A
259,A
262,T
264,A
265,C
266,A
267,G
268,A
273,T
274,T
277,A
282,T
283,G
284,G
288,A
289,A
294,A
295,T
296,G
297,G
301,A
303,C
304,A
306,A
307,T
308,G
310,A
315,G
316,A
319,T
321,A
322,T
324,A
328,T
330,T
331,G
332,G
333,G
334,A
337,A
340,G
343,T
346,A
348,C
349,C
351,T
352,G
354,G
355,T
361,T
363,A
364,C
366,C
370,T
372,T
373,G
376,T
382,T
387,T
388,G
450,T
451,G
456,T
502,C
508,T
519,G
520,A
523,T
561,T
568,T
576,T
577,G
579,A
580,A
586,C
597,C
598,A
601,C
603,T
604,G
606,C
607,C
609,A
610,A
618,T
622,A
624,C
625,C
627,A
628,T
630,C
631,C
633,A
634,T
637,A
639,T
642,T
643,G
646,C
648,C
649,C
651,G
652,C
654,G
655,G
657,T
659,T
660,G
664,T
667,T
672,T
673,G
675,A
687,T
688,T
693,G
694,G
699,G
700,G
705,T
706,G
712,A
715,T
717,A
724,T
726,C
729,T
730,G
732,A
733,C
735,C
736,A
737,T
738,G
739,G
741,A
742,T
744,A
747,C
748,C
754,T
757,C
759,A
760,C
762,C
763,A
766,T
769,T
772,T
774,A
775,A
777,G
778,G
780,A
781,G
784,T
787,C
805,T
807,A
817,A
820,T
828,A
840,A
841,T
844,T
845,A
847,T
850,A
853,T
865,T
870,A
871,T
876,T
877,G
882,A
883,G
918,G
925,G
957,G
958,G
966,A
972,G
973,C
978,T
979,G
985,T
999,T
1000,G
1001,G
1012,T
1033,T
1057,T
1062,T
1063,T
1077,G
1078,G
1080,G
1081,G
1083,G
1084,A
1089,G
1090,A
1108,T
1110,A
1113,T
1114,G
1119,G
1120,G
1122,G
1123,A
1125,T
1126,T
1128,T
1129,T
1131,T
1134,T
1135,G
1141,C
1150,T
1152,T
1153,T
1207,T
1212,T
1213,G
1219,T
1221,A
1224,C
1225,A
1228,T
1231,T
1239,T
1240,G
1241,G
1242,C
1243,A
1251,G
1252,G
1257,G
1258,C
1261,T
1263,T
1264,A
1270,C
1272,C
1273,C
1276,T
1281,G
1282,G
1288,T
1293,T
1294,G
1299,T
1300,C
1305,A
1306,T
1308,A
1309,C
1311,G
1312,G
1315,T
1318,T
1321,T
1329,G
1330,A
1372,T
1374,A
1375,G
1377,C
1378,C
1383,G
1384,G
1386,G
1387,G
1390,A
1392,A
1393,T
1395,A
1399,A
1401,A
1402,A
1404,T
1405,G
1406,G
1407,A
1408,G
1410,A
1412,T
1413,G
1414,A
1417,T
1419,T
1420,A
1422,A
1425,T
1426,A
1428,A
1429,A
1432,T
1435,T
1441,T
1446,C
1447,C
1450,T
1452,G
1453,G
1456,T
1458,G
1459,C
1461,C
1462,C
1471,C
1477,G
1482,G
1485,G
1486,T
1491,A
1497,A
1500,A
1501,G
